itemname|geo_id|state|county|bid|dollars_per_mile|net_dollars_per_mile|road_miles|total_bid_amount
B020500001002032|6568|AK|Bethel Census Area|GCI Communication Corp.|26866|26866|0.02|537.32
B020500001002040|6572|AK|Bethel Census Area|GCI Communication Corp.|26866|26866|0.25|6716.50
B020500001002041|6573|AK|Bethel Census Area|GCI Communication Corp.|26866|26866|0.16|4298.56
B020500001002042|6574|AK|Bethel Census Area|GCI Communication Corp.|26866|26866|0.02|537.32
B020500001002044|6575|AK|Bethel Census Area|GCI Communication Corp.|26866|26866|0.04|1074.64
B020500001002045|305|AK|Bethel Census Area|GCI Communication Corp.|26866|26866|0.02|537.32
B020500001002050|306|AK|Bethel Census Area|GCI Communication Corp.|26866|26866|0.03|805.98
B020500001002063|6569|AK|Bethel Census Area|GCI Communication Corp.|26866|26866|0.42|11283.72
B020500001002086|6570|AK|Bethel Census Area|GCI Communication Corp.|26866|26866|0.01|268.66
B020500001002088|6571|AK|Bethel Census Area|GCI Communication Corp.|26866|26866|0.01|268.66
B020500001002089|110|AK|Bethel Census Area|GCI Communication Corp.|26866|26866|0.02|537.32
B020500001002090|112|AK|Bethel Census Area|GCI Communication Corp.|26866|26866|0.02|537.32
B020500001002097|6577|AK|Bethel Census Area|GCI Communication Corp.|26866|26866|0.1|2686.60
B020500001002098|6578|AK|Bethel Census Area|GCI Communication Corp.|26866|26866|0.09|2417.94
B020500001002099|6579|AK|Bethel Census Area|GCI Communication Corp.|26866|26866|0.01|268.66
B020500001002123|6580|AK|Bethel Census Area|GCI Communication Corp.|26866|26866|0.01|268.66
B020500001002143|6581|AK|Bethel Census Area|GCI Communication Corp.|26866|26866|0.01|268.66
B020500001002146|6582|AK|Bethel Census Area|GCI Communication Corp.|26866|26866|0.04|1074.64
B020500001003039|6583|AK|Bethel Census Area|GCI Communication Corp.|26866|26866|1.16|31164.56
B020500001003080|6586|AK|Bethel Census Area|GCI Communication Corp.|26866|26866|1.38|37075.08
B020500001003081|6587|AK|Bethel Census Area|GCI Communication Corp.|26866|26866|0.14|3761.24
B020500001003082|6588|AK|Bethel Census Area|GCI Communication Corp.|26866|26866|0.17|4567.22
B020500001003083|6589|AK|Bethel Census Area|GCI Communication Corp.|26866|26866|0.27|7253.82
B020500001003084|6590|AK|Bethel Census Area|GCI Communication Corp.|26866|26866|0.08|2149.28
B020500001003085|6591|AK|Bethel Census Area|GCI Communication Corp.|26866|26866|0.09|2417.94
B020500001003086|6592|AK|Bethel Census Area|GCI Communication Corp.|26866|26866|0.09|2417.94
B020500001003087|6593|AK|Bethel Census Area|GCI Communication Corp.|26866|26866|0.06|1611.96
B020500001003088|6594|AK|Bethel Census Area|GCI Communication Corp.|26866|26866|0.07|1880.62
B020500001003089|6595|AK|Bethel Census Area|GCI Communication Corp.|26866|26866|0.09|2417.94
B020500001003090|6596|AK|Bethel Census Area|GCI Communication Corp.|26866|26866|0.08|2149.28
B020500001003091|6597|AK|Bethel Census Area|GCI Communication Corp.|26866|26866|0.28|7522.48
B020500001003092|6598|AK|Bethel Census Area|GCI Communication Corp.|26866|26866|0.19|5104.54
B020500001003093|6599|AK|Bethel Census Area|GCI Communication Corp.|26866|26866|0.07|1880.62
B020500001003094|6600|AK|Bethel Census Area|GCI Communication Corp.|26866|26866|0.04|1074.64
B020500001003095|6601|AK|Bethel Census Area|GCI Communication Corp.|26866|26866|0.25|6716.50
B020500001003096|113|AK|Bethel Census Area|GCI Communication Corp.|26866|26866|0.06|1611.96
B020500001003097|127|AK|Bethel Census Area|GCI Communication Corp.|26866|26866|0.08|2149.28
B020500001003098|129|AK|Bethel Census Area|GCI Communication Corp.|26866|26866|0.04|1074.64
B020500001003099|131|AK|Bethel Census Area|GCI Communication Corp.|26866|26866|0.07|1880.62
B020500001003101|138|AK|Bethel Census Area|GCI Communication Corp.|26866|26866|0.1|2686.60
B020500001003102|168|AK|Bethel Census Area|GCI Communication Corp.|26866|26866|0.14|3761.24
B020500001003103|169|AK|Bethel Census Area|GCI Communication Corp.|26866|26866|0.06|1611.96
B020500001003104|171|AK|Bethel Census Area|GCI Communication Corp.|26866|26866|0.12|3223.92
B020500001003105|179|AK|Bethel Census Area|GCI Communication Corp.|26866|26866|0.08|2149.28
B020500001003106|180|AK|Bethel Census Area|GCI Communication Corp.|26866|26866|0.12|3223.92
B020500001003107|181|AK|Bethel Census Area|GCI Communication Corp.|26866|26866|0.07|1880.62
B020500001003108|183|AK|Bethel Census Area|GCI Communication Corp.|26866|26866|0.08|2149.28
B020500001003111|184|AK|Bethel Census Area|GCI Communication Corp.|26866|26866|0.05|1343.30
B020500001003112|185|AK|Bethel Census Area|GCI Communication Corp.|26866|26866|0.06|1611.96
B020500001003115|186|AK|Bethel Census Area|GCI Communication Corp.|26866|26866|0.09|2417.94
B020500001003129|3957|AK|Bethel Census Area|GCI Communication Corp.|26866|26866|2.03|54537.98
B020500001003130|3970|AK|Bethel Census Area|GCI Communication Corp.|26866|26866|0.05|1343.30
B020500001003154|9735|AK|Bethel Census Area|GCI Communication Corp.|26866|26866|0.68|18268.88
B020500001003156|9743|AK|Bethel Census Area|GCI Communication Corp.|26866|26866|0.45|12089.70
B020500001003157|6603|AK|Bethel Census Area|GCI Communication Corp.|26866|26866|1.69|45403.54
B020500001003158|6604|AK|Bethel Census Area|GCI Communication Corp.|26866|26866|2.55|68508.30
B020500001003159|6605|AK|Bethel Census Area|GCI Communication Corp.|26866|26866|0.46|12358.36
B020500001003160|6606|AK|Bethel Census Area|GCI Communication Corp.|26866|26866|0.08|2149.28
B020500001003161|3977|AK|Bethel Census Area|GCI Communication Corp.|26866|26866|0.26|6985.16
B020500001003164|6608|AK|Bethel Census Area|GCI Communication Corp.|26866|26866|1.3|34925.80
B020500001003169|6609|AK|Bethel Census Area|GCI Communication Corp.|26866|26866|0.12|3223.92
B020500001003170|6610|AK|Bethel Census Area|GCI Communication Corp.|26866|26866|0.37|9940.42
B020500001003195|6611|AK|Bethel Census Area|GCI Communication Corp.|26866|26866|0.32|8597.12
B020500001003196|6612|AK|Bethel Census Area|GCI Communication Corp.|26866|26866|0.15|4029.90
B020500001003197|6613|AK|Bethel Census Area|GCI Communication Corp.|26866|26866|1.35|36269.10
B020500001003198|6614|AK|Bethel Census Area|GCI Communication Corp.|26866|26866|0.17|4567.22
B020500001003199|3986|AK|Bethel Census Area|GCI Communication Corp.|26866|26866|0.2|5373.20
B020500001003200|3987|AK|Bethel Census Area|GCI Communication Corp.|26866|26866|0.13|3492.58
B020500001003201|4006|AK|Bethel Census Area|GCI Communication Corp.|26866|26866|0.29|7791.14
B020500001003202|4009|AK|Bethel Census Area|GCI Communication Corp.|26866|26866|0.17|4567.22
B020500001003203|4020|AK|Bethel Census Area|GCI Communication Corp.|26866|26866|0.07|1880.62
B020500001003205|4021|AK|Bethel Census Area|GCI Communication Corp.|26866|26866|0.15|4029.90
B020500001003229|6615|AK|Bethel Census Area|GCI Communication Corp.|26866|26866|3.56|95642.96
B020500001003235|6616|AK|Bethel Census Area|GCI Communication Corp.|26866|26866|0.11|2955.26
B020500001003236|6617|AK|Bethel Census Area|GCI Communication Corp.|26866|26866|0.22|5910.52
B020500001003237|6618|AK|Bethel Census Area|GCI Communication Corp.|26866|26866|0.37|9940.42
B020500001003239|4025|AK|Bethel Census Area|GCI Communication Corp.|26866|26866|0.05|1343.30
B020500001003244|4026|AK|Bethel Census Area|GCI Communication Corp.|26866|26866|0.09|2417.94
B020500001003246|4038|AK|Bethel Census Area|GCI Communication Corp.|26866|26866|0.19|5104.54
B020500001003247|4039|AK|Bethel Census Area|GCI Communication Corp.|26866|26866|0.2|5373.20
B020500001003248|4043|AK|Bethel Census Area|GCI Communication Corp.|26866|26866|0.17|4567.22
B020500001003249|4044|AK|Bethel Census Area|GCI Communication Corp.|26866|26866|0.19|5104.54
B020500001003250|4049|AK|Bethel Census Area|GCI Communication Corp.|26866|26866|0.11|2955.26
B020500001003251|4058|AK|Bethel Census Area|GCI Communication Corp.|26866|26866|0.11|2955.26
B020500001003252|4062|AK|Bethel Census Area|GCI Communication Corp.|26866|26866|0.26|6985.16
B020500001003253|4079|AK|Bethel Census Area|GCI Communication Corp.|26866|26866|0.17|4567.22
B020500001003254|4080|AK|Bethel Census Area|GCI Communication Corp.|26866|26866|0.09|2417.94
B020500001003255|4096|AK|Bethel Census Area|GCI Communication Corp.|26866|26866|0.1|2686.60
B020500001003256|4217|AK|Bethel Census Area|GCI Communication Corp.|26866|26866|0.42|11283.72
B020500001003257|4221|AK|Bethel Census Area|GCI Communication Corp.|26866|26866|0.15|4029.90
B020500001003259|4233|AK|Bethel Census Area|GCI Communication Corp.|26866|26866|0.15|4029.90
B020500001003260|4252|AK|Bethel Census Area|GCI Communication Corp.|26866|26866|0.12|3223.92
B020500001003261|4265|AK|Bethel Census Area|GCI Communication Corp.|26866|26866|0.15|4029.90
B020500001003262|4266|AK|Bethel Census Area|GCI Communication Corp.|26866|26866|0.09|2417.94
B020500001003280|4267|AK|Bethel Census Area|GCI Communication Corp.|26866|26866|0.11|2955.26
B020500001003281|4270|AK|Bethel Census Area|GCI Communication Corp.|26866|26866|0.13|3492.58
B020500001003282|4278|AK|Bethel Census Area|GCI Communication Corp.|26866|26866|0.09|2417.94
B020500001003283|4279|AK|Bethel Census Area|GCI Communication Corp.|26866|26866|0.13|3492.58
B020500001003284|4299|AK|Bethel Census Area|GCI Communication Corp.|26866|26866|0.1|2686.60
B020500001003285|4300|AK|Bethel Census Area|GCI Communication Corp.|26866|26866|0.17|4567.22
B020500001003286|4301|AK|Bethel Census Area|GCI Communication Corp.|26866|26866|0.09|2417.94
B020500001003287|4309|AK|Bethel Census Area|GCI Communication Corp.|26866|26866|0.15|4029.90
B020500001003288|4310|AK|Bethel Census Area|GCI Communication Corp.|26866|26866|0.09|2417.94
B020500001003289|4311|AK|Bethel Census Area|GCI Communication Corp.|26866|26866|0.14|3761.24
B020500001003290|4330|AK|Bethel Census Area|GCI Communication Corp.|26866|26866|0.12|3223.92
B020500001003291|4333|AK|Bethel Census Area|GCI Communication Corp.|26866|26866|0.15|4029.90
B020500001003292|4350|AK|Bethel Census Area|GCI Communication Corp.|26866|26866|0.16|4298.56
B020500001003293|4438|AK|Bethel Census Area|GCI Communication Corp.|26866|26866|0.09|2417.94
B020500001003294|4439|AK|Bethel Census Area|GCI Communication Corp.|26866|26866|0.08|2149.28
B020500001004008|6619|AK|Bethel Census Area|GCI Communication Corp.|26866|26866|1.43|38418.38
B020500001004052|6620|AK|Bethel Census Area|GCI Communication Corp.|26866|26866|2.59|69582.94
B020500001004054|6622|AK|Bethel Census Area|GCI Communication Corp.|26866|26866|0.25|6716.50
B020500001004055|6623|AK|Bethel Census Area|GCI Communication Corp.|26866|26866|0.07|1880.62
B020500001004056|6624|AK|Bethel Census Area|GCI Communication Corp.|26866|26866|0.63|16925.58
B020500001004057|4503|AK|Bethel Census Area|GCI Communication Corp.|26866|26866|0.64|17194.24
B020500001004059|4512|AK|Bethel Census Area|GCI Communication Corp.|26866|26866|0.21|5641.86
B020500001004060|4559|AK|Bethel Census Area|GCI Communication Corp.|26866|26866|0.17|4567.22
B020500001004069|4560|AK|Bethel Census Area|GCI Communication Corp.|26866|26866|0.25|6716.50
B020500001004070|4561|AK|Bethel Census Area|GCI Communication Corp.|26866|26866|0.17|4567.22
B020500001004115|4807|AK|Bethel Census Area|GCI Communication Corp.|26866|26866|0.19|5104.54
B020500001004123|6625|AK|Bethel Census Area|GCI Communication Corp.|26866|26866|0.14|3761.24
B020500001004124|6626|AK|Bethel Census Area|GCI Communication Corp.|26866|26866|0.05|1343.30
B020500001004125|6627|AK|Bethel Census Area|GCI Communication Corp.|26866|26866|0.08|2149.28
B020500001004128|6628|AK|Bethel Census Area|GCI Communication Corp.|26866|26866|1.19|31970.54
B020500001004129|6629|AK|Bethel Census Area|GCI Communication Corp.|26866|26866|0.09|2417.94
B020500001004132|6630|AK|Bethel Census Area|GCI Communication Corp.|26866|26866|0.01|268.66
B020500001004136|6631|AK|Bethel Census Area|GCI Communication Corp.|26866|26866|0.02|537.32
B020500001004137|6632|AK|Bethel Census Area|GCI Communication Corp.|26866|26866|0.03|805.98
B020500001004156|4828|AK|Bethel Census Area|GCI Communication Corp.|26866|26866|0.09|2417.94
B020500002001002|6677|AK|Bethel Census Area|GCI Communication Corp.|26866|26866|8.9|239107.40
B020500002001003|6678|AK|Bethel Census Area|GCI Communication Corp.|26866|26866|4.45|119553.70
B020500002001004|6680|AK|Bethel Census Area|GCI Communication Corp.|26866|26866|3.77|101284.82
B020500002001006|3127|AK|Bethel Census Area|GCI Communication Corp.|26866|26866|0.3|8059.80
B020500002001007|3128|AK|Bethel Census Area|GCI Communication Corp.|26866|26866|0.34|9134.44
B020500002001008|3133|AK|Bethel Census Area|GCI Communication Corp.|26866|26866|0.2|5373.20
B020500002001009|3183|AK|Bethel Census Area|GCI Communication Corp.|26866|26866|0.26|6985.16
B020500002001010|3185|AK|Bethel Census Area|GCI Communication Corp.|26866|26866|0.19|5104.54
B020500002001011|3186|AK|Bethel Census Area|GCI Communication Corp.|26866|26866|0.24|6447.84
B020500002001012|3193|AK|Bethel Census Area|GCI Communication Corp.|26866|26866|0.42|11283.72
B020500002001013|3255|AK|Bethel Census Area|GCI Communication Corp.|26866|26866|0.14|3761.24
B020500002001014|3323|AK|Bethel Census Area|GCI Communication Corp.|26866|26866|0.25|6716.50
B020500002001015|3367|AK|Bethel Census Area|GCI Communication Corp.|26866|26866|0.29|7791.14
B020500002001016|3384|AK|Bethel Census Area|GCI Communication Corp.|26866|26866|0.28|7522.48
B020500002001017|3385|AK|Bethel Census Area|GCI Communication Corp.|26866|26866|0.25|6716.50
B020500002001018|3449|AK|Bethel Census Area|GCI Communication Corp.|26866|26866|0.72|19343.52
B020500002001019|3461|AK|Bethel Census Area|GCI Communication Corp.|26866|26866|0.28|7522.48
B020500002001020|3479|AK|Bethel Census Area|GCI Communication Corp.|26866|26866|0.12|3223.92
B020500002001021|6670|AK|Bethel Census Area|GCI Communication Corp.|26866|26866|0.95|25522.70
B020500002001022|6671|AK|Bethel Census Area|GCI Communication Corp.|26866|26866|0.23|6179.18
B020500002001023|6672|AK|Bethel Census Area|GCI Communication Corp.|26866|26866|0.35|9403.10
B020500002001024|6679|AK|Bethel Census Area|GCI Communication Corp.|26866|26866|0.24|6447.84
B020500002001025|3950|AK|Bethel Census Area|GCI Communication Corp.|26866|26866|0.39|10477.74
B020500002001026|4115|AK|Bethel Census Area|GCI Communication Corp.|26866|26866|0.34|9134.44
B020500002001027|6682|AK|Bethel Census Area|GCI Communication Corp.|26866|26866|0.3|8059.80
B020500002001028|6683|AK|Bethel Census Area|GCI Communication Corp.|26866|26866|0.05|1343.30
B020500002001029|6684|AK|Bethel Census Area|GCI Communication Corp.|26866|26866|0.14|3761.24
B020500002001030|6685|AK|Bethel Census Area|GCI Communication Corp.|26866|26866|0.15|4029.90
B020500002001031|6686|AK|Bethel Census Area|GCI Communication Corp.|26866|26866|0.15|4029.90
B020500002001032|6687|AK|Bethel Census Area|GCI Communication Corp.|26866|26866|0.06|1611.96
B020500002001033|6688|AK|Bethel Census Area|GCI Communication Corp.|26866|26866|0.23|6179.18
B020500002001034|6689|AK|Bethel Census Area|GCI Communication Corp.|26866|26866|0.3|8059.80
B020500002001035|6690|AK|Bethel Census Area|GCI Communication Corp.|26866|26866|0.22|5910.52
B020500002001036|6691|AK|Bethel Census Area|GCI Communication Corp.|26866|26866|0.14|3761.24
B020500002001037|6692|AK|Bethel Census Area|GCI Communication Corp.|26866|26866|0.32|8597.12
B020500002001038|6693|AK|Bethel Census Area|GCI Communication Corp.|26866|26866|0.23|6179.18
B020500002001039|6694|AK|Bethel Census Area|GCI Communication Corp.|26866|26866|0.18|4835.88
B020500002001041|6695|AK|Bethel Census Area|GCI Communication Corp.|26866|26866|0.62|16656.92
B020500002001043|6696|AK|Bethel Census Area|GCI Communication Corp.|26866|26866|0.23|6179.18
B020500002001044|6697|AK|Bethel Census Area|GCI Communication Corp.|26866|26866|0.29|7791.14
B020500002001045|6698|AK|Bethel Census Area|GCI Communication Corp.|26866|26866|0.05|1343.30
B020500002001046|6699|AK|Bethel Census Area|GCI Communication Corp.|26866|26866|0.3|8059.80
B020500002001047|6700|AK|Bethel Census Area|GCI Communication Corp.|26866|26866|0.05|1343.30
B020500002001048|6701|AK|Bethel Census Area|GCI Communication Corp.|26866|26866|0.63|16925.58
B020500002002000|6702|AK|Bethel Census Area|GCI Communication Corp.|26866|26866|0.3|8059.80
B020500002002001|4440|AK|Bethel Census Area|GCI Communication Corp.|26866|26866|0.32|8597.12
B020500002002002|4588|AK|Bethel Census Area|GCI Communication Corp.|26866|26866|0.3|8059.80
B020500002002003|3504|AK|Bethel Census Area|GCI Communication Corp.|26866|26866|0.26|6985.16
B020500002002004|6704|AK|Bethel Census Area|GCI Communication Corp.|26866|26866|3.42|91881.72
B020500002002005|6705|AK|Bethel Census Area|GCI Communication Corp.|26866|26866|0.17|4567.22
B020500002002006|6706|AK|Bethel Census Area|GCI Communication Corp.|26866|26866|0.1|2686.60
B020500002002007|6707|AK|Bethel Census Area|GCI Communication Corp.|26866|26866|0.4|10746.40
B020500002002008|3522|AK|Bethel Census Area|GCI Communication Corp.|26866|26866|0.26|6985.16
B020500002002009|3583|AK|Bethel Census Area|GCI Communication Corp.|26866|26866|0.32|8597.12
B020500002002011|3649|AK|Bethel Census Area|GCI Communication Corp.|26866|26866|0.62|16656.92
B020500002002013|6710|AK|Bethel Census Area|GCI Communication Corp.|26866|26866|0.08|2149.28
B020500002002014|6711|AK|Bethel Census Area|GCI Communication Corp.|26866|26866|0.08|2149.28
B020500002002015|6712|AK|Bethel Census Area|GCI Communication Corp.|26866|26866|0.16|4298.56
B020500002002016|6713|AK|Bethel Census Area|GCI Communication Corp.|26866|26866|0.13|3492.58
B020500002002017|6714|AK|Bethel Census Area|GCI Communication Corp.|26866|26866|0.09|2417.94
B020500002002018|6715|AK|Bethel Census Area|GCI Communication Corp.|26866|26866|0.09|2417.94
B020500002002019|6716|AK|Bethel Census Area|GCI Communication Corp.|26866|26866|0.09|2417.94
B020500002002020|3677|AK|Bethel Census Area|GCI Communication Corp.|26866|26866|0.32|8597.12
B020500002002021|3772|AK|Bethel Census Area|GCI Communication Corp.|26866|26866|0.27|7253.82
B020500002002022|6717|AK|Bethel Census Area|GCI Communication Corp.|26866|26866|1.01|27134.66
B020500002003000|6718|AK|Bethel Census Area|GCI Communication Corp.|26866|26866|0.24|6447.84
B020500002003001|6719|AK|Bethel Census Area|GCI Communication Corp.|26866|26866|0.27|7253.82
B020500002003002|6720|AK|Bethel Census Area|GCI Communication Corp.|26866|26866|0.31|8328.46
B020500002003003|6721|AK|Bethel Census Area|GCI Communication Corp.|26866|26866|0.31|8328.46
B020500002003004|6722|AK|Bethel Census Area|GCI Communication Corp.|26866|26866|0.73|19612.18
B020500002003005|6723|AK|Bethel Census Area|GCI Communication Corp.|26866|26866|0.36|9671.76
B020500002003006|6725|AK|Bethel Census Area|GCI Communication Corp.|26866|26866|1.83|49164.78
B020500002003007|6726|AK|Bethel Census Area|GCI Communication Corp.|26866|26866|0.22|5910.52
B020500002003008|6727|AK|Bethel Census Area|GCI Communication Corp.|26866|26866|0.15|4029.90
B020500002003009|6728|AK|Bethel Census Area|GCI Communication Corp.|26866|26866|0.37|9940.42
B020500002003010|6729|AK|Bethel Census Area|GCI Communication Corp.|26866|26866|0.05|1343.30
B020500002004014|6730|AK|Bethel Census Area|GCI Communication Corp.|26866|26866|2.16|58030.56
B020500002004016|6731|AK|Bethel Census Area|GCI Communication Corp.|26866|26866|0.47|12627.02
B020500002004023|3776|AK|Bethel Census Area|GCI Communication Corp.|26866|26866|0.15|4029.90
B020500002004024|6733|AK|Bethel Census Area|GCI Communication Corp.|26866|26866|0.57|15313.62
B020500002004025|6734|AK|Bethel Census Area|GCI Communication Corp.|26866|26866|0.58|15582.28
B020500002004026|6735|AK|Bethel Census Area|GCI Communication Corp.|26866|26866|0.23|6179.18
B020500002004027|6736|AK|Bethel Census Area|GCI Communication Corp.|26866|26866|0.28|7522.48
B020500002004028|6737|AK|Bethel Census Area|GCI Communication Corp.|26866|26866|0.21|5641.86
B020500002004029|6738|AK|Bethel Census Area|GCI Communication Corp.|26866|26866|0.21|5641.86
B020500002004030|6739|AK|Bethel Census Area|GCI Communication Corp.|26866|26866|0.25|6716.50
B020500002004039|3809|AK|Bethel Census Area|GCI Communication Corp.|26866|26866|0.1|2686.60
B020500002004040|4808|AK|Bethel Census Area|GCI Communication Corp.|26866|26866|0.47|12627.02
B020500002004041|4829|AK|Bethel Census Area|GCI Communication Corp.|26866|26866|0.16|4298.56
B020500003001003|5736|AK|Bethel Census Area|GCI Communication Corp.|26866|26866|2.27|60985.82
B020500003001039|5764|AK|Bethel Census Area|GCI Communication Corp.|26866|26866|0.18|4835.88
B020500003001050|6740|AK|Bethel Census Area|GCI Communication Corp.|26866|26866|5.38|144539.08
B020500003001055|6741|AK|Bethel Census Area|GCI Communication Corp.|26866|26866|0.95|25522.70
B020500003001061|6742|AK|Bethel Census Area|GCI Communication Corp.|26866|26866|1.77|47552.82
B020500003001062|6743|AK|Bethel Census Area|GCI Communication Corp.|26866|26866|0.61|16388.26
B020500003001099|6744|AK|Bethel Census Area|GCI Communication Corp.|26866|26866|1.06|28477.96
B020500003001100|6745|AK|Bethel Census Area|GCI Communication Corp.|26866|26866|2.21|59373.86
B020500003001101|6746|AK|Bethel Census Area|GCI Communication Corp.|26866|26866|0.41|11015.06
B020500003001102|6747|AK|Bethel Census Area|GCI Communication Corp.|26866|26866|0.32|8597.12
B020500003001103|6748|AK|Bethel Census Area|GCI Communication Corp.|26866|26866|0.04|1074.64
B020500003001104|6749|AK|Bethel Census Area|GCI Communication Corp.|26866|26866|0.38|10209.08
B020500003001105|6750|AK|Bethel Census Area|GCI Communication Corp.|26866|26866|0.36|9671.76
B020500003001106|6751|AK|Bethel Census Area|GCI Communication Corp.|26866|26866|0.2|5373.20
B020500003001107|6752|AK|Bethel Census Area|GCI Communication Corp.|26866|26866|0.31|8328.46
B020500003001108|6753|AK|Bethel Census Area|GCI Communication Corp.|26866|26866|0.21|5641.86
B020500003001109|6754|AK|Bethel Census Area|GCI Communication Corp.|26866|26866|0.32|8597.12
B020500003001110|6755|AK|Bethel Census Area|GCI Communication Corp.|26866|26866|0.12|3223.92
B020500003001111|5830|AK|Bethel Census Area|GCI Communication Corp.|26866|26866|0.26|6985.16
B020500003001112|5862|AK|Bethel Census Area|GCI Communication Corp.|26866|26866|0.04|1074.64
B020500003001113|5966|AK|Bethel Census Area|GCI Communication Corp.|26866|26866|0.45|12089.70
B020500003001118|6757|AK|Bethel Census Area|GCI Communication Corp.|26866|26866|1.13|30358.58
B020500003001119|6758|AK|Bethel Census Area|GCI Communication Corp.|26866|26866|1.3|34925.80
B020500003001120|6759|AK|Bethel Census Area|GCI Communication Corp.|26866|26866|0.64|17194.24
B020500003001121|6760|AK|Bethel Census Area|GCI Communication Corp.|26866|26866|0.48|12895.68
B020500003001122|6761|AK|Bethel Census Area|GCI Communication Corp.|26866|26866|0.15|4029.90
B020500003001123|6762|AK|Bethel Census Area|GCI Communication Corp.|26866|26866|0.29|7791.14
B020500003001124|6763|AK|Bethel Census Area|GCI Communication Corp.|26866|26866|0.23|6179.18
B020500003001125|6764|AK|Bethel Census Area|GCI Communication Corp.|26866|26866|0.84|22567.44
B020500003001126|6765|AK|Bethel Census Area|GCI Communication Corp.|26866|26866|0.24|6447.84
B020500003001127|6766|AK|Bethel Census Area|GCI Communication Corp.|26866|26866|0.06|1611.96
B020500003001128|6767|AK|Bethel Census Area|GCI Communication Corp.|26866|26866|0.2|5373.20
B020500003001129|5988|AK|Bethel Census Area|GCI Communication Corp.|26866|26866|0.28|7522.48
B020500003001130|6021|AK|Bethel Census Area|GCI Communication Corp.|26866|26866|0.15|4029.90
B020500003001133|6041|AK|Bethel Census Area|GCI Communication Corp.|26866|26866|0.72|19343.52
B020500003001134|6042|AK|Bethel Census Area|GCI Communication Corp.|26866|26866|0.01|268.66
B020500003001135|6158|AK|Bethel Census Area|GCI Communication Corp.|26866|26866|0.25|6716.50
B020500003001137|6318|AK|Bethel Census Area|GCI Communication Corp.|26866|26866|0.21|5641.86
B020500003001141|6319|AK|Bethel Census Area|GCI Communication Corp.|26866|26866|0.04|1074.64
B020500003001143|6769|AK|Bethel Census Area|GCI Communication Corp.|26866|26866|0.59|15850.94
B020500003001144|6770|AK|Bethel Census Area|GCI Communication Corp.|26866|26866|0.11|2955.26
B020500003001145|6771|AK|Bethel Census Area|GCI Communication Corp.|26866|26866|0.13|3492.58
B020500003001146|6772|AK|Bethel Census Area|GCI Communication Corp.|26866|26866|0.11|2955.26
B020500003001147|6773|AK|Bethel Census Area|GCI Communication Corp.|26866|26866|0.06|1611.96
B020500003001148|6774|AK|Bethel Census Area|GCI Communication Corp.|26866|26866|0.06|1611.96
B020500003001150|6775|AK|Bethel Census Area|GCI Communication Corp.|26866|26866|0.06|1611.96
B020500003001151|6776|AK|Bethel Census Area|GCI Communication Corp.|26866|26866|0.55|14776.30
B020500003001152|6777|AK|Bethel Census Area|GCI Communication Corp.|26866|26866|1.03|27671.98
B020500003001153|6778|AK|Bethel Census Area|GCI Communication Corp.|26866|26866|0.24|6447.84
B020500003001154|6779|AK|Bethel Census Area|GCI Communication Corp.|26866|26866|0.06|1611.96
B020500003001155|6780|AK|Bethel Census Area|GCI Communication Corp.|26866|26866|0.2|5373.20
B020500003001156|6329|AK|Bethel Census Area|GCI Communication Corp.|26866|26866|0.05|1343.30
B020500003001157|6333|AK|Bethel Census Area|GCI Communication Corp.|26866|26866|0.03|805.98
B020500003001158|6334|AK|Bethel Census Area|GCI Communication Corp.|26866|26866|0.07|1880.62
B020500003001159|6335|AK|Bethel Census Area|GCI Communication Corp.|26866|26866|0.17|4567.22
B020500003001160|6350|AK|Bethel Census Area|GCI Communication Corp.|26866|26866|0.28|7522.48
B020500003001161|6372|AK|Bethel Census Area|GCI Communication Corp.|26866|26866|0.08|2149.28
B020500003001162|6404|AK|Bethel Census Area|GCI Communication Corp.|26866|26866|0.22|5910.52
B020500003001163|6412|AK|Bethel Census Area|GCI Communication Corp.|26866|26866|0.12|3223.92
B020500003001164|6413|AK|Bethel Census Area|GCI Communication Corp.|26866|26866|0.05|1343.30
B020500003001165|6435|AK|Bethel Census Area|GCI Communication Corp.|26866|26866|0.21|5641.86
B020500003001166|6441|AK|Bethel Census Area|GCI Communication Corp.|26866|26866|0.03|805.98
B020500003001167|6452|AK|Bethel Census Area|GCI Communication Corp.|26866|26866|0.11|2955.26
B020500003002058|6781|AK|Bethel Census Area|GCI Communication Corp.|26866|26866|0.9|24179.40
B020500003002207|279|AK|Bethel Census Area|GCI Communication Corp.|26866|26866|0.09|2417.94
B020500003002208|6724|AK|Bethel Census Area|GCI Communication Corp.|26866|26866|0.43|11552.38
B020500003002209|6732|AK|Bethel Census Area|GCI Communication Corp.|26866|26866|0.2|5373.20
B020500003002210|6756|AK|Bethel Census Area|GCI Communication Corp.|26866|26866|0.04|1074.64
B020500003002211|6768|AK|Bethel Census Area|GCI Communication Corp.|26866|26866|0.05|1343.30
B020500003002213|161|AK|Bethel Census Area|GCI Communication Corp.|26866|26866|0.2|5373.20
B020500003002214|229|AK|Bethel Census Area|GCI Communication Corp.|26866|26866|0.17|4567.22
B020500003002215|234|AK|Bethel Census Area|GCI Communication Corp.|26866|26866|0.14|3761.24
B020500003002217|242|AK|Bethel Census Area|GCI Communication Corp.|26866|26866|0.07|1880.62
B020500003002218|245|AK|Bethel Census Area|GCI Communication Corp.|26866|26866|0.08|2149.28
B020500003002219|284|AK|Bethel Census Area|GCI Communication Corp.|26866|26866|0.18|4835.88
B020500003002220|285|AK|Bethel Census Area|GCI Communication Corp.|26866|26866|0.02|537.32
B020500003002221|286|AK|Bethel Census Area|GCI Communication Corp.|26866|26866|0.06|1611.96
B020500003002222|302|AK|Bethel Census Area|GCI Communication Corp.|26866|26866|0.07|1880.62
B020500003002223|308|AK|Bethel Census Area|GCI Communication Corp.|26866|26866|0.07|1880.62
B020500003002224|309|AK|Bethel Census Area|GCI Communication Corp.|26866|26866|0.03|805.98
B022820001001441|8852|AK|Yakutat Borough|GCI Communication Corp.|45372|45372|0.47|21324.84
B022820001001444|8855|AK|Yakutat Borough|GCI Communication Corp.|45372|45372|0.05|2268.60
B022820001001447|8858|AK|Yakutat Borough|GCI Communication Corp.|45372|45372|0.11|4990.92
B022820001001448|8859|AK|Yakutat Borough|GCI Communication Corp.|45372|45372|0.05|2268.60
B022820001001450|8862|AK|Yakutat Borough|GCI Communication Corp.|45372|45372|0.32|14519.04
B022820001001464|8868|AK|Yakutat Borough|GCI Communication Corp.|45372|45372|0.67|30399.24
B022820001001465|8869|AK|Yakutat Borough|GCI Communication Corp.|45372|45372|0.08|3629.76
T01023956700|475|AL|Choctaw|Pine Belt Cellular Inc.|6189|6189|127.14|786869.46
T01023956800|476|AL|Choctaw|Pine Belt Cellular Inc.|8003|8003|80.95|647842.85
T01023956900|477|AL|Choctaw|Pine Belt Cellular Inc.|3831|3831|83.83|321152.73
T01047956100|506|AL|Dallas|Pine Belt Cellular Inc.|6884|6884|68|468112.00
T01047956202|507|AL|Dallas|Pine Belt Cellular Inc.|2339|2339|61.44|143708.16
T01047956900|508|AL|Dallas|Pine Belt Cellular Inc.|7479|7479|43.16|322793.64
T01047957000|509|AL|Dallas|Pine Belt Cellular Inc.|1823|1823|255.83|466378.09
T01047957100|510|AL|Dallas|Pine Belt Cellular Inc.|3000|3000|98.65|295950.00
T01091973100|574|AL|Marengo|Pine Belt Cellular Inc.|5794|5794|55.71|322783.74
T01091973300|575|AL|Marengo|Pine Belt Cellular Inc.|4211|4211|111.69|470326.59
T01105686800|608|AL|Perry|Pine Belt Cellular Inc.|10784|10784|242.77|2618031.68
T01105687000|609|AL|Perry|Pine Belt Cellular Inc.|13456|13456|59.2|796595.20
T01131034700|635|AL|Wilcox|Pine Belt Cellular Inc.|5771|5771|80.78|466181.38
T01131035100|641|AL|Wilcox|Pine Belt Cellular Inc.|12449|12449|63.99|796611.51
T01131035200|642|AL|Wilcox|Pine Belt Cellular Inc.|9633|9633|136.41|1314037.53
T08009964600|190|CO|Baca|NE Colorado Cellular Inc.|3666|3666|602.63|2209241.58
T08009964700|1064|CO|Baca|NE Colorado Cellular Inc.|3666|3666|3.01|11034.66
T08021974900|196|CO|Conejos|NE Colorado Cellular Inc.|8692|8692|186.13|1617841.96
T08057955600|1135|CO|Jackson|NE Colorado Cellular Inc.|10775|10775|742.88|8004532.00
T08069001903|1164|CO|Larimer|NE Colorado Cellular Inc.|10775|10775|53.95|581311.25
T08069002300|1170|CO|Larimer|NE Colorado Cellular Inc.|10775|10775|1.7|18317.50
T08069002401|1171|CO|Larimer|NE Colorado Cellular Inc.|10775|10775|50.7|546292.50
T08069002402|728|CO|Larimer|NE Colorado Cellular Inc.|10775|10775|611.32|6586973.00
T08069002802|739|CO|Larimer|NE Colorado Cellular Inc.|10775|10775|0.29|3124.75
T08069002803|740|CO|Larimer|NE Colorado Cellular Inc.|10775|10775|24.04|259031.00
T08071000100|1172|CO|Las Animas|NE Colorado Cellular Inc.|3666|3666|2.34|8578.44
T08071000300|1173|CO|Las Animas|NE Colorado Cellular Inc.|3666|3666|15.29|56053.14
T08071000500|1174|CO|Las Animas|NE Colorado Cellular Inc.|3666|3666|0.96|3519.36
T08071000800|1175|CO|Las Animas|NE Colorado Cellular Inc.|3666|3666|466.8|1711288.80
T08079973600|746|CO|Mineral|NE Colorado Cellular Inc.|8692|8692|298.5|2594562.00
T08101002806|1187|CO|Pueblo|Commnet Four Corners LLC|22879|22879|28.41|649992.39
T08109977600|1148|CO|Saguache|NE Colorado Cellular Inc.|8692|8692|880.07|7649568.44
T08109977700|1149|CO|Saguache|NE Colorado Cellular Inc.|8692|8692|15.87|137942.04
T13017960100|1323|GA|Ben Hill|Allied Wireless Communications Corporation|5951|5951|3.71|22078.21
T13033950100|1352|GA|Burke|Georgia RSA 8 Partnership|5952|5952|0.35|2083.20
T13033950200|1333|GA|Burke|Georgia RSA 8 Partnership|5966|5966|0.62|3698.92
T13033950400|1353|GA|Burke|Georgia RSA 8 Partnership|5952|5952|1.77|10535.04
T13033950500|1354|GA|Burke|Georgia RSA 8 Partnership|5969|5969|3.43|20473.67
T13033950700|1355|GA|Burke|Georgia RSA 8 Partnership|5966|5966|2.58|15392.28
T13039010100|1339|GA|Camden|Allied Wireless Communications Corporation|2193|2193|40.3|88377.90
T13039010602|1358|GA|Camden|Allied Wireless Communications Corporation|5956|5956|15.67|93330.52
T13061960300|1383|GA|Clay|Allied Wireless Communications Corporation|5966|5966|15.37|91697.42
T13069010200|1370|GA|Coffee|Allied Wireless Communications Corporation|5950|5950|1.83|10888.50
T13069010600|1384|GA|Coffee|Allied Wireless Communications Corporation|5950|5950|5.34|31773.00
T13079070202|1399|GA|Crawford|Allied Wireless Communications Corporation|5958|5958|6.67|39739.86
T13107970200|1271|GA|Emanuel|Georgia RSA 8 Partnership|5966|5966|0.31|1849.46
T13107970500|1408|GA|Emanuel|Georgia RSA 8 Partnership|5951|5951|2.86|17019.86
T13107970600|1410|GA|Emanuel|Georgia RSA 8 Partnership|5962|5962|5.16|30763.92
T13125010100|1431|GA|Glascock|Georgia RSA 8 Partnership|5957|5957|22.98|136891.86
T13127001000|1435|GA|Glynn|Allied Wireless Communications Corporation|5967|5967|3.34|19929.78
T13145120198|1463|GA|Harris|Allied Wireless Communications Corporation|5523|5523|4.72|26068.56
T13155950200|1471|GA|Irwin|Allied Wireless Communications Corporation|4724|4724|9.44|44594.56
T13161960100|1475|GA|Jeff Davis|Allied Wireless Communications Corporation|5961|5961|0.63|3755.43
T13161960300|1476|GA|Jeff Davis|Allied Wireless Communications Corporation|5962|5962|2.21|13176.02
T13163960100|1283|GA|Jefferson|Georgia RSA 8 Partnership|5955|5955|0.83|4942.65
T13163960200|1284|GA|Jefferson|Georgia RSA 8 Partnership|5151|5151|15.2|78295.20
T13163960300|1285|GA|Jefferson|Georgia RSA 8 Partnership|5965|5965|33.33|198813.45
T13165960100|1447|GA|Jenkins|Georgia RSA 8 Partnership|4794|4794|10.95|52494.30
T13165960200|1448|GA|Jenkins|Georgia RSA 8 Partnership|5957|5957|9.52|56710.64
T13167960100|1477|GA|Johnson|Allied Wireless Communications Corporation|5958|5958|3.25|19363.50
T13175951400|1482|GA|Laurens|Allied Wireless Communications Corporation|5950|5950|5.5|32725.00
T13193000100|1495|GA|Macon|Allied Wireless Communications Corporation|5966|5966|3.6|21477.60
T13197920100|1502|GA|Marion|Allied Wireless Communications Corporation|5960|5960|12.28|73188.80
T13199970500|1484|GA|Meriwether|Allied Wireless Communications Corporation|5959|5959|9.38|55895.42
T13199970700|1509|GA|Meriwether|Allied Wireless Communications Corporation|5964|5964|73.14|436206.96
T13199970800|1511|GA|Meriwether|Allied Wireless Communications Corporation|5962|5962|8.01|47755.62
T13209950100|1504|GA|Montgomery|Allied Wireless Communications Corporation|5954|5954|10.32|61445.28
T13209950300|1506|GA|Montgomery|Allied Wireless Communications Corporation|5964|5964|4.92|29342.88
T13231010200|1530|GA|Pike|Allied Wireless Communications Corporation|5970|5970|13.35|79699.50
T13239960300|1541|GA|Quitman|Allied Wireless Communications Corporation|5961|5961|12.69|75645.09
T13243790100|1522|GA|Randolph|Allied Wireless Communications Corporation|5960|5960|22.97|136901.20
T13243790200|1543|GA|Randolph|Allied Wireless Communications Corporation|5965|5965|2.09|12466.85
T13251970200|1545|GA|Screven|Georgia RSA 8 Partnership|5968|5968|28.11|167760.48
T13251970400|1548|GA|Screven|Georgia RSA 8 Partnership|5964|5964|16.64|99240.96
T13251970600|1550|GA|Screven|Georgia RSA 8 Partnership|5969|5969|0.71|4237.99
T13253200300|1551|GA|Seminole|Allied Wireless Communications Corporation|5970|5970|1.75|10447.50
T13259950400|1559|GA|Stewart|Allied Wireless Communications Corporation|5951|5951|14.08|83790.08
T13269950300|1575|GA|Taylor|Allied Wireless Communications Corporation|5967|5967|3.62|21600.54
T13273120200|1576|GA|Terrell|Allied Wireless Communications Corporation|5952|5952|2.5|14880.00
T13283960200|1587|GA|Treutlen|Georgia RSA 8 Partnership|5964|5964|0.72|4294.08
T13287970200|1588|GA|Turner|Allied Wireless Communications Corporation|5964|5964|7.11|42404.04
T13287970300|1594|GA|Turner|Allied Wireless Communications Corporation|5961|5961|1.33|7928.13
T13293010300|1612|GA|Upson|Allied Wireless Communications Corporation|5956|5956|10.96|65277.76
T13301970400|1621|GA|Warren|Georgia RSA 8 Partnership|5962|5962|7.27|43343.74
T13301970500|1622|GA|Warren|Georgia RSA 8 Partnership|5960|5960|48.27|287689.20
T13303950100|1623|GA|Washington|Allied Wireless Communications Corporation|5958|5958|52.55|313092.90
T13303950500|1624|GA|Washington|Allied Wireless Communications Corporation|5952|5952|95.65|569308.80
T13303950700|1625|GA|Washington|Allied Wireless Communications Corporation|5952|5952|8.48|50472.96
T13305970400|1552|GA|Wayne|Allied Wireless Communications Corporation|5953|5953|0.35|2083.55
T13305970600|1553|GA|Wayne|Allied Wireless Communications Corporation|1900|1900|27.3|51870.00
T13315960200|1637|GA|Wilcox|Allied Wireless Communications Corporation|5957|5957|5.5|32763.50
T13315960300|1641|GA|Wilcox|Allied Wireless Communications Corporation|5965|5965|1.3|7754.50
T13319960200|1646|GA|Wilkinson|Allied Wireless Communications Corporation|3493|3493|25.48|89001.64
T13319960300|1647|GA|Wilkinson|Allied Wireless Communications Corporation|5967|5967|6.52|38904.84
T13319960400|1648|GA|Wilkinson|Allied Wireless Communications Corporation|5963|5963|17.36|103517.68
T16003950100|1694|ID|Adams|Allied Wireless Communications Corporation|14915|14915|155.85|2324502.75
T16003950200|1695|ID|Adams|Allied Wireless Communications Corporation|10904|10904|818.62|8926232.48
T16049940000-2445|13974|ID|Idaho|Allied Wireless Communications Corporation|19957|19957|265.42|5296986.94
T16049960200|1738|ID|Idaho|Allied Wireless Communications Corporation|9913|9913|874.37|8667629.81
T16049960300|1739|ID|Idaho|Allied Wireless Communications Corporation|10914|10914|289.25|3156874.50
T16059970200|1762|ID|Lemhi|Allied Wireless Communications Corporation|19198|19198|106.88|2051882.24
T16085970300|1608|ID|Valley|Allied Wireless Communications Corporation|12952|12952|186.56|2416325.12
T17013951300|1747|IL|Calhoun|USCOC of Central Illinois LLC|20378|20378|27.29|556115.62
T17061973800|1808|IL|Greene|USCOC of Central Illinois LLC|19434|19434|50.26|976752.84
T17083010402|1830|IL|Jersey|USCOC of Central Illinois LLC|21912|21912|59.79|1310118.48
T17149952800|1858|IL|Pike|USCOC of Central Illinois LLC|6528|6528|113.17|738773.76
T19117950100|2025|IA|Lucas|United States Cellular Corporation|31619|31619|51.82|1638496.58
T21025920600|2188|KY|Breathitt|East Kentucky Network LLC|3600|3600|50.1|180360.00
T21025920700|2189|KY|Breathitt|East Kentucky Network LLC|2540|2540|106.81|271297.40
T21071920400|2239|KY|Floyd|East Kentucky Network LLC|9820|9820|27.31|268184.20
T21071920700|2242|KY|Floyd|East Kentucky Network LLC|7800|7800|38.14|297492.00
T21071920900|2244|KY|Floyd|East Kentucky Network LLC|27000|27000|8.28|223560.00
T21091960100|2275|KY|Hancock|Powertel/Memphis Inc.|17013|17013|59.92|1019418.96
T21095970100|2280|KY|Harlan|East Kentucky Network LLC|2700|2700|41.98|113346.00
T21095971000|2289|KY|Harlan|East Kentucky Network LLC|2880|2880|80.13|230774.40
T21095971300|2290|KY|Harlan|East Kentucky Network LLC|1780|1780|188.1|334818.00
T21109960300|2301|KY|Jackson|East Kentucky Network LLC|1395|1395|258.67|360844.65
T21133950100|2159|KY|Letcher|East Kentucky Network LLC|5000|5000|17.47|87350.00
T21133950200|2165|KY|Letcher|East Kentucky Network LLC|4800|4800|53.42|256416.00
T21153970300|2234|KY|Magoffin|East Kentucky Network LLC|3200|3200|63.58|203456.00
T21153970400|2235|KY|Magoffin|East Kentucky Network LLC|3300|3300|46|151800.00
T21169960100|2325|KY|Metcalfe|Powertel/Memphis Inc.|33689|33689|46.73|1574286.97
T21175950100|2332|KY|Morgan|East Kentucky Network LLC|2430|2430|143.13|347805.90
T21195930100|1296|KY|Pike|East Kentucky Network LLC|5600|5600|47.84|267904.00
T21195930200|1297|KY|Pike|East Kentucky Network LLC|5800|5800|13.2|76560.00
T21195930600|1298|KY|Pike|East Kentucky Network LLC|6400|6400|13.69|87616.00
T21195930700|1299|KY|Pike|East Kentucky Network LLC|6300|6300|43.4|273420.00
T21195931300|1312|KY|Pike|East Kentucky Network LLC|5680|5680|65.61|372664.80
T22043020200|2389|LA|Grant Parish|Central Louisiana Cellular LLC|5498|5498|18.19|100008.62
T22043020401|2390|LA|Grant Parish|Central Louisiana Cellular LLC|9146|9146|16.4|149994.40
T22069000100|2442|LA|Natchitoches Parish|Central Louisiana Cellular LLC|1368|1368|162.21|221903.28
T22069000800|2443|LA|Natchitoches Parish|Central Louisiana Cellular LLC|1878|1878|118.17|221923.26
T22069000900|2444|LA|Natchitoches Parish|Central Louisiana Cellular LLC|1959|1959|212.13|415562.67
T22079010100|2463|LA|Rapides Parish|Central Louisiana Cellular LLC|2000|2000|14.04|28080.00
T22079010600|2464|LA|Rapides Parish|Central Louisiana Cellular LLC|1800|1800|127.38|229284.00
T22079010700|2465|LA|Rapides Parish|Central Louisiana Cellular LLC|2000|2000|13.75|27500.00
T22079013400|2466|LA|Rapides Parish|Central Louisiana Cellular LLC|2000|2000|29.05|58100.00
T22079013500|2467|LA|Rapides Parish|Central Louisiana Cellular LLC|16260|16260|1.23|19999.80
T22079013600|2468|LA|Rapides Parish|Central Louisiana Cellular LLC|2000|2000|37.29|74580.00
T22079013700|2469|LA|Rapides Parish|Central Louisiana Cellular LLC|2200|2200|12.66|27852.00
T22085000100|2472|LA|Sabine Parish|Central Louisiana Cellular LLC|1800|1800|16.48|29664.00
T22085000200|2473|LA|Sabine Parish|Central Louisiana Cellular LLC|1800|1800|60.41|108738.00
T22085000400|2449|LA|Sabine Parish|Central Louisiana Cellular LLC|1800|1800|47.67|85806.00
T22085000600|2450|LA|Sabine Parish|Central Louisiana Cellular LLC|1800|1800|100.52|180936.00
T22085000700|2451|LA|Sabine Parish|Central Louisiana Cellular LLC|1394|1394|138.91|193640.54
T22115950100|2488|LA|Vernon Parish|Central Louisiana Cellular LLC|1800|1800|199.66|359388.00
T22115950200|2489|LA|Vernon Parish|Central Louisiana Cellular LLC|1800|1800|78.87|141966.00
T22115950300|2490|LA|Vernon Parish|Central Louisiana Cellular LLC|700|700|337.62|236334.00
T22115950701|2491|LA|Vernon Parish|Central Louisiana Cellular LLC|1800|1800|93.8|168840.00
T22115950800|2492|LA|Vernon Parish|Central Louisiana Cellular LLC|923|923|288.46|266248.58
T22115950900|2493|LA|Vernon Parish|Central Louisiana Cellular LLC|3356|3356|2.98|10000.88
T23029955300|2571|ME|Washington|United States Cellular Corporation|27872|27872|18.89|526502.08
T23029955700|2577|ME|Washington|United States Cellular Corporation|41523|41523|2.35|97579.05
T23029955800|2578|ME|Washington|United States Cellular Corporation|10000|10000|79.53|795300.00
T28007060100|25|MS|Attala|Powertel/Memphis Inc.|8082|8082|155.54|1257074.28
T28159950500|2964|MS|Winston|Powertel/Memphis Inc.|5815|5815|98.39|572137.85
T30019020300|3225|MT|Daniels|Sagebrush Cellular Inc.|1874|1874|148.34|277989.16
T30019020300-1250|14019|MT|Daniels|Sagebrush Cellular Inc.|2000|2000|4.44|8880.00
T30085080100|3272|MT|Roosevelt|Sagebrush Cellular Inc.|890|890|14.61|13002.90
T30085080100-4345|14023|MT|Roosevelt|Sagebrush Cellular Inc.|2000|2000|0.48|960.00
T30085940001-1250|14024|MT|Roosevelt|Sagebrush Cellular Inc.|552|552|23.55|12999.60
T30085940002-1250|14025|MT|Roosevelt|Sagebrush Cellular Inc.|691|691|18.81|12997.71
T30091090200|3277|MT|Sheridan|Sagebrush Cellular Inc.|6878|6878|114.35|786499.30
T30091090400|3278|MT|Sheridan|Sagebrush Cellular Inc.|4876|4876|54.65|266473.40
T30091090400-1250|92|MT|Sheridan|Sagebrush Cellular Inc.|2000|2000|6.93|13860.00
T30091090400-4345|13865|MT|Sheridan|Sagebrush Cellular Inc.|2000|2000|0.69|1380.00
T30105940600|3288|MT|Valley|Sagebrush Cellular Inc.|6499|6499|22.53|146422.47
T30105940600-1250|14036|MT|Valley|Sagebrush Cellular Inc.|6499|6499|95.96|623644.04
T31005958300|3316|NE|Arthur|NE Colorado Cellular Inc.|567|567|368.75|209081.25
T31009972400|3318|NE|Blaine|NE Colorado Cellular Inc.|1398|1398|129.21|180635.58
T31013951100|3319|NE|Box Butte|NE Colorado Cellular Inc.|1068|1068|112.92|120598.56
T31015975800|3320|NE|Boyd|NE Colorado Cellular Inc.|1745|1745|75.21|131241.45
T31017975000|3321|NE|Brown|NE Colorado Cellular Inc.|1398|1398|176.25|246397.50
T31029961900|3328|NE|Chase|NE Colorado Cellular Inc.|2695|2695|74.91|201882.45
T31031955800|3329|NE|Cherry|NE Colorado Cellular Inc.|567|567|24.35|13806.45
T31031955900|3330|NE|Cherry|NE Colorado Cellular Inc.|567|567|1071.49|607534.83
T31041971700|3333|NE|Custer|NE Colorado Cellular Inc.|2695|2695|45.96|123862.20
T31041971800|3334|NE|Custer|NE Colorado Cellular Inc.|2695|2695|125.44|338060.80
T31041972000|3335|NE|Custer|NE Colorado Cellular Inc.|2695|2695|26.08|70285.60
T31045950600|3337|NE|Dawes|NE Colorado Cellular Inc.|1068|1068|350.32|374141.76
T31045950700|3338|NE|Dawes|NE Colorado Cellular Inc.|1068|1068|5.07|5414.76
T31057962300|3352|NE|Dundy|NE Colorado Cellular Inc.|2695|2695|147.11|396461.45
T31063961100|3358|NE|Frontier|NE Colorado Cellular Inc.|2695|2695|31.79|85674.05
T31065963900|3359|NE|Furnas|Pinpoint Wireless Inc.|4401|4401|61.39|270177.39
T31069952100|3360|NE|Garden|NE Colorado Cellular Inc.|567|567|471.35|267255.45
T31071973200|3361|NE|Garfield|NE Colorado Cellular Inc.|1398|1398|22.51|31468.98
T31075956300|3362|NE|Grant|NE Colorado Cellular Inc.|567|567|728.07|412815.69
T31085961500|3354|NE|Hayes|NE Colorado Cellular Inc.|2695|2695|161.19|434407.05
T31089974000|3369|NE|Holt|NE Colorado Cellular Inc.|1745|1745|125.02|218159.90
T31089974100|3370|NE|Holt|NE Colorado Cellular Inc.|1745|1745|33.76|58911.20
T31091956700|3371|NE|Hooker|NE Colorado Cellular Inc.|567|567|116.51|66061.17
T31103975400|3377|NE|Keya Paha|NE Colorado Cellular Inc.|1398|1398|500.12|699167.76
T31107976200|3379|NE|Knox|NE Colorado Cellular Inc.|1745|1745|64.2|112029.00
T31107976400-3565|13868|NE|Knox|NE Colorado Cellular Inc.|1745|1745|11.35|19805.75
T31111959700|3380|NE|Lincoln|NE Colorado Cellular Inc.|2695|2695|65.6|176792.00
T31111959800|3386|NE|Lincoln|NE Colorado Cellular Inc.|2695|2695|3.2|8624.00
T31115972800|3388|NE|Loup|NE Colorado Cellular Inc.|1398|1398|158.8|222002.40
T31117957900|3389|NE|McPherson|NE Colorado Cellular Inc.|567|567|390.44|221379.48
T31145963100|3394|NE|Red Willow|Pinpoint Wireless Inc.|4401|4401|71.52|314759.52
T31149974600|3396|NE|Rock|NE Colorado Cellular Inc.|1398|1398|249.18|348353.64
T31161951600|3401|NE|Sheridan|NE Colorado Cellular Inc.|567|567|2.01|1139.67
T31161951700|3402|NE|Sheridan|NE Colorado Cellular Inc.|567|567|1204.81|683127.27
T31165950100|3404|NE|Sioux|NE Colorado Cellular Inc.|1068|1068|1049.14|1120481.52
T32001950100|3419|NV|Churchill|Commnet of Nevada LLC|15425|15425|162.07|2499929.75
T32009950100|3409|NV|Esmeralda|Commnet of Nevada LLC|7210|7210|674.58|4863721.80
T32011000100|3410|NV|Eureka|Commnet of Nevada LLC|6700|6700|728.91|4883697.00
T32013010600|3412|NV|Humboldt|Commnet of Nevada LLC|9793|9793|163.38|1599980.34
T32015000300|3432|NV|Lander|Commnet of Nevada LLC|6300|6300|994.15|6263145.00
T32023960300|3448|NV|Nye|Commnet of Nevada LLC|17797|17797|53.38|950003.86
T35005001102|2987|NM|Chaves|Leaco Rural Telephone Cooperative Inc.|597|597|520.96|311013.12
T35005001200|2988|NM|Chaves|Leaco Rural Telephone Cooperative Inc.|597|597|1816.54|1084474.38
T35005001300|2989|NM|Chaves|Leaco Rural Telephone Cooperative Inc.|597|597|198.22|118337.34
T35005001400|2990|NM|Chaves|Leaco Rural Telephone Cooperative Inc.|597|597|578.97|345645.09
T35009000601|2997|NM|Curry|Plateau Telecommunications Incorporated|546|546|238.21|130062.66
T35009000602|2998|NM|Curry|Plateau Telecommunications Incorporated|811|811|481.91|390829.01
T35011960100|3001|NM|DeBaca|Plateau Telecommunications Incorporated|915|915|907.09|829987.35
T35015000401|3038|NM|Eddy|Leaco Rural Telephone Cooperative Inc.|597|597|2.87|1713.39
T35015000700|3039|NM|Eddy|Leaco Rural Telephone Cooperative Inc.|597|597|2612.88|1559889.36
T35015000800|3040|NM|Eddy|Leaco Rural Telephone Cooperative Inc.|597|597|980.29|585233.13
T35015000900|3049|NM|Eddy|Leaco Rural Telephone Cooperative Inc.|597|597|2801.47|1672477.59
T35019961600|3054|NM|Guadalupe|Plateau Telecommunications Incorporated|5736|5736|455.61|2613378.96
T35025000701|3068|NM|Lea|Leaco Rural Telephone Cooperative Inc.|597|597|3.13|1868.61
T35025000702|3528|NM|Lea|Leaco Rural Telephone Cooperative Inc.|597|597|51.03|30464.91
T35025000900|3529|NM|Lea|Leaco Rural Telephone Cooperative Inc.|597|597|616.32|367943.04
T35025001100|3530|NM|Lea|Leaco Rural Telephone Cooperative Inc.|597|597|1098.98|656091.06
T35037958900|3084|NM|Quay|Plateau Telecommunications Incorporated|1506|1506|1036.86|1561511.16
T35041000401|3545|NM|Roosevelt|Plateau Telecommunications Incorporated|2470|2470|247.66|611720.20
T35041000402|3546|NM|Roosevelt|Plateau Telecommunications Incorporated|716|716|726.98|520517.68
T35047957700|3556|NM|San Miguel|Plateau Telecommunications Incorporated|2039|2039|515.84|1051797.76
T35057963600|3570|NM|Torrance|Plateau Telecommunications Incorporated|4985|4985|323.01|1610204.85
T35057963700|3571|NM|Torrance|T-Mobile West LLC|1079|1079|1705.38|1840105.02
T37003040100|2961|NC|Alexander|Carolina West Wireless Inc.|35000|35000|35.16|1230600.00
T37003040200|3848|NC|Alexander|Allied Wireless Communications Corporation|5960|5960|1.61|9595.60
T37005950100|3850|NC|Alleghany|Carolina West Wireless Inc.|35000|35000|5.18|181300.00
T37005950300|3852|NC|Alleghany|Carolina West Wireless Inc.|35000|35000|15.17|530950.00
T37007920200|3859|NC|Anson|Allied Wireless Communications Corporation|5966|5966|4.18|24937.88
T37007920300|3860|NC|Anson|Allied Wireless Communications Corporation|5961|5961|5.51|32845.11
T37007920600|3861|NC|Anson|Allied Wireless Communications Corporation|5950|5950|25.17|149761.50
T37009970200|3862|NC|Ashe|Carolina West Wireless Inc.|35000|35000|15.83|554050.00
T37009970300|3863|NC|Ashe|Carolina West Wireless Inc.|35000|35000|51.8|1813000.00
T37009970500|3865|NC|Ashe|Carolina West Wireless Inc.|35000|35000|2.34|81900.00
T37009970800|3867|NC|Ashe|Carolina West Wireless Inc.|35000|35000|3.95|138250.00
T37011930100|3868|NC|Avery|Carolina West Wireless Inc.|35000|35000|26.62|931700.00
T37011930200|3869|NC|Avery|Carolina West Wireless Inc.|35000|35000|9.84|344400.00
T37011930301|3870|NC|Avery|Carolina West Wireless Inc.|35000|35000|14.74|515900.00
T37011930400|3872|NC|Avery|Carolina West Wireless Inc.|35000|35000|18.1|633500.00
T37021002900|3886|NC|Buncombe|United States Cellular Corporation|24538|24538|73.75|1809677.50
T37023020100|3894|NC|Burke|Allied Wireless Communications Corporation|5957|5957|2.19|13045.83
T37023020201|3895|NC|Burke|Carolina West Wireless Inc.|35000|35000|18|630000.00
T37023021201|3900|NC|Burke|Allied Wireless Communications Corporation|1959|1959|0.45|881.55
T37023021301|3901|NC|Burke|Allied Wireless Communications Corporation|5952|5952|0.25|1488.00
T37023021302|3902|NC|Burke|Allied Wireless Communications Corporation|5952|5952|6.87|40890.24
T37027030900|3904|NC|Caldwell|Carolina West Wireless Inc.|35000|35000|51.83|1814050.00
T37027031100|3906|NC|Caldwell|Carolina West Wireless Inc.|35000|35000|13.3|465500.00
T37027031201|3911|NC|Caldwell|Carolina West Wireless Inc.|35000|35000|0.58|20300.00
T37077970102|3663|NC|Granville|United States Cellular Corporation|10000|10000|51.77|517700.00
T37123960200|4016|NC|Montgomery|Allied Wireless Communications Corporation|5952|5952|6.59|39223.68
T37123960300|4017|NC|Montgomery|Allied Wireless Communications Corporation|13464|13464|79.73|1073484.72
T37123960500|4018|NC|Montgomery|Allied Wireless Communications Corporation|5960|5960|0.2|1192.00
T37153970200|3961|NC|Richmond|Allied Wireless Communications Corporation|5954|5954|0.65|3870.10
T37153970800|3976|NC|Richmond|Allied Wireless Communications Corporation|5969|5969|0.49|2924.81
T37161960100|3889|NC|Rutherford|Carolina West Wireless Inc.|35000|35000|116.99|4094650.00
T37161960200|3890|NC|Rutherford|Carolina West Wireless Inc.|35000|35000|29.16|1020600.00
T37161960300|3896|NC|Rutherford|Carolina West Wireless Inc.|35000|35000|44.29|1550150.00
T37161960400|4045|NC|Rutherford|Carolina West Wireless Inc.|35000|35000|0.69|24150.00
T37171930101|2013|NC|Surry|Carolina West Wireless Inc.|35000|35000|0.34|11900.00
T37171930102|2018|NC|Surry|Carolina West Wireless Inc.|35000|35000|0.02|700.00
T37171930801|4055|NC|Surry|Carolina West Wireless Inc.|35000|35000|0.64|22400.00
T37185950400|2977|NC|Warren|United States Cellular Corporation|21275|21275|22.73|483580.75
T37189920100|3015|NC|Watauga|Carolina West Wireless Inc.|35000|35000|18.86|660100.00
T37189920200|3022|NC|Watauga|Carolina West Wireless Inc.|35000|35000|18.54|648900.00
T37189920300|4061|NC|Watauga|Carolina West Wireless Inc.|35000|35000|2.55|89250.00
T37189920701|4063|NC|Watauga|Carolina West Wireless Inc.|35000|35000|0.21|7350.00
T37189920900|4065|NC|Watauga|Carolina West Wireless Inc.|35000|35000|12.41|434350.00
T37189921000|4066|NC|Watauga|Carolina West Wireless Inc.|35000|35000|13.54|473900.00
T37193960200|4067|NC|Wilkes|Carolina West Wireless Inc.|35000|35000|0.33|11550.00
T37193960400|4068|NC|Wilkes|Carolina West Wireless Inc.|35000|35000|5.95|208250.00
T37193960900|4069|NC|Wilkes|Carolina West Wireless Inc.|35000|35000|39.63|1387050.00
T37193961001|4070|NC|Wilkes|Carolina West Wireless Inc.|35000|35000|7.63|267050.00
T37193961002|4071|NC|Wilkes|Carolina West Wireless Inc.|35000|35000|0.04|1400.00
T37199960101|4074|NC|Yancey|United States Cellular Corporation|11521|11521|95.86|1104403.06
T38023954500|4090|ND|Divide|Sagebrush Cellular Inc.|2000|2000|391.19|782380.00
T38023954500-4345|14066|ND|Divide|Sagebrush Cellular Inc.|2000|2000|0.22|440.00
T38085940800-3970|14094|ND|Sioux|Standing Rock Telecommunications Inc.|1441|1081|403.12|580895.92
T38085940900-3970|14095|ND|Sioux|Standing Rock Telecommunications Inc.|4573|3430|103.08|471384.84
T38105953400|231|ND|Williams|Sagebrush Cellular Inc.|2000|2000|98.63|197260.00
T38105953500|232|ND|Williams|Sagebrush Cellular Inc.|2000|2000|134.8|269600.00
T38105953500-4345|14096|ND|Williams|Sagebrush Cellular Inc.|2000|2000|0.49|980.00
T38105953600|233|ND|Williams|Sagebrush Cellular Inc.|7762|7762|34.72|269496.64
T39031960900|4141|OH|Coshocton|Allied Wireless Communications Corporation|10899|10899|91.53|997585.47
T39031961100|4143|OH|Coshocton|Allied Wireless Communications Corporation|10911|10911|128.04|1397044.44
T39031961200|4144|OH|Coshocton|Allied Wireless Communications Corporation|10917|10917|121.93|1331109.81
T39075976302|4192|OH|Holmes|Allied Wireless Communications Corporation|5952|5952|3.02|17975.04
T39075976801|4187|OH|Holmes|Allied Wireless Communications Corporation|5961|5961|17.32|103244.52
T39139002000|4280|OH|Richland|Allied Wireless Communications Corporation|5951|5951|3.94|23446.94
T39147963100|4269|OH|Seneca|Allied Wireless Communications Corporation|5963|5963|1.59|9481.17
T40031002200-5720|14130|OK|Comanche|Wichita Online Inc.|9877|9877|50.62|499973.74
T40049681700-5580|14138|OK|Garvin|Wichita Online Inc.|4988|4988|12.53|62499.64
T40051000700-5580|13728|OK|Grady|Wichita Online Inc.|4988|4988|10.94|54568.72
T40055967200-5720|14140|OK|Greer|Wichita Online Inc.|24467|24467|0.78|19084.26
T40061279100-5590|13731|OK|Haskell|Cross Wireless LLC|9937|9937|16.08|159786.96
T40061279200-5590|13732|OK|Haskell|Cross Wireless LLC|9937|9937|15.26|151638.62
T40061279300-5590|14101|OK|Haskell|Cross Wireless LLC|20733|20733|1.31|27160.23
T40063484700-5620|14105|OK|Hughes|United States Cellular Corporation|26513|26513|33.12|878110.56
T40075964200-5720|14114|OK|Kiowa|Wichita Online Inc.|24467|24467|0.47|11499.49
T40077087100-5590|14115|OK|Latimer|Oklahoma Western Telephone Company|8898|8898|101.49|903058.02
T40077087200-5590|14116|OK|Latimer|Pine Cellular Phones Inc.|15000|15000|26.78|401700.00
T40077087300-5590|14117|OK|Latimer|Pine Cellular Phones Inc.|3000|3000|38.25|114750.00
T40079040700-5590|14123|OK|Le Flore|Pine Cellular Phones Inc.|11500|11500|113.21|1301915.00
T40085094300-5580|14124|OK|Love|Wichita Online Inc.|4988|4988|16.32|81404.16
T40089098200-5590|14126|OK|McCurtain|Pine Cellular Phones Inc.|4500|4500|388.53|1748385.00
T40089098300-5590|14127|OK|McCurtain|Pine Cellular Phones Inc.|8500|8500|136.66|1161610.00
T40089098400-5590|14142|OK|McCurtain|Pine Cellular Phones Inc.|12000|12000|4.04|48480.00
T40089098500-5590|14143|OK|McCurtain|Pine Cellular Phones Inc.|1250|1250|257.08|321350.00
T40107080600-5620|14150|OK|Okfuskee|Cross Wireless LLC|34446|34446|17.13|590059.98
T40107080700-5620|14151|OK|Okfuskee|United States Cellular Corporation|13724|13724|52.7|723254.80
T40133583700-5830|14175|OK|Seminole|Cross Wireless LLC|21126|21126|1.95|41195.70
T40133583800-5830|14176|OK|Seminole|Cross Wireless LLC|21125|21125|11.85|250331.25
T40133583900-5830|14177|OK|Seminole|United States Cellular Corporation|31209|31209|25.34|790836.06
T40137000902-5580|14169|OK|Stephens|Wichita Online Inc.|4988|4988|6.7|33419.60
T41001950500|4202|OR|Baker|Eagle Telephone System Inc.|130|130|58.38|7589.40
T41001950600|4203|OR|Baker|Eagle Telephone System Inc.|130|130|888.4|115492.00
T42103950201|4692|PA|Pike|T-Mobile Northeast LLC|23650|23650|74.93|1772094.50
T42115032000|4721|PA|Susquehanna|NEP Cellcorp Inc.|5710|5710|205.84|1175346.40
T42115032400|4725|PA|Susquehanna|NEP Cellcorp Inc.|5710|5710|47.4|270654.00
T42115032800|4737|PA|Susquehanna|NEP Cellcorp Inc.|5710|5710|86.04|491288.40
T42127960100|4742|PA|Wayne|NEP Cellcorp Inc.|9610|9610|166.72|1602179.20
T42127960200|4743|PA|Wayne|NEP Cellcorp Inc.|9610|9610|158.8|1526068.00
T42127960300|4761|PA|Wayne|NEP Cellcorp Inc.|9610|9610|0.03|288.30
T42127960400|4762|PA|Wayne|NEP Cellcorp Inc.|9610|9610|38.12|366333.20
T42127960500|4769|PA|Wayne|NEP Cellcorp Inc.|9610|9610|115.86|1113414.60
T42127960600|4770|PA|Wayne|NEP Cellcorp Inc.|9610|9610|19.4|186434.00
T45001950500|4783|SC|Abbeville|Allied Wireless Communications Corporation|5961|5961|3.47|20684.67
T45005970200|4779|SC|Allendale|Allied Wireless Communications Corporation|5950|5950|28.78|171241.00
T45005970300|4786|SC|Allendale|Allied Wireless Communications Corporation|5955|5955|0.45|2679.75
T45005970400|4787|SC|Allendale|Allied Wireless Communications Corporation|5970|5970|107.99|644700.30
T45007011700|4788|SC|Anderson|Allied Wireless Communications Corporation|5969|5969|11.16|66614.04
T45009960200|4793|SC|Bamberg|Allied Wireless Communications Corporation|5953|5953|7.27|43278.31
T45009960400|4794|SC|Bamberg|Allied Wireless Communications Corporation|5950|5950|17.47|103946.50
T45021970202|4805|SC|Cherokee|Allied Wireless Communications Corporation|5953|5953|1.92|11429.76
T45021970602|4809|SC|Cherokee|Allied Wireless Communications Corporation|5955|5955|3.05|18162.75
T45023020500|4810|SC|Chester|Allied Wireless Communications Corporation|5958|5958|33.77|201201.66
T45023020601|4811|SC|Chester|Allied Wireless Communications Corporation|5952|5952|36.53|217426.56
T45037970201|4845|SC|Edgefield|Allied Wireless Communications Corporation|5959|5959|19.42|115723.78
T45039960100|4839|SC|Fairfield|Allied Wireless Communications Corporation|5959|5959|41.28|245987.52
T45039960200|4840|SC|Fairfield|Allied Wireless Communications Corporation|5956|5956|19.75|117631.00
T45039960300|4841|SC|Fairfield|Allied Wireless Communications Corporation|5959|5959|27.25|162382.75
T45059920600|4901|SC|Laurens|Allied Wireless Communications Corporation|5966|5966|32.47|193716.02
T45065920100|4888|SC|McCormick|Allied Wireless Communications Corporation|5953|5953|44.53|265087.09
T45065920300|4889|SC|McCormick|Allied Wireless Communications Corporation|5967|5967|3.5|20884.50
T45071950300|4905|SC|Newberry|Allied Wireless Communications Corporation|5960|5960|23.5|140060.00
T45073030100|4906|SC|Oconee|Allied Wireless Communications Corporation|13366|13366|109.7|1466250.20
T45075011700|4920|SC|Orangeburg|Allied Wireless Communications Corporation|5964|5964|3.86|23021.04
T45087030600|4931|SC|Union|Allied Wireless Communications Corporation|5952|5952|12.37|73626.24
T45087030700|4932|SC|Union|Allied Wireless Communications Corporation|5961|5961|56.83|338763.63
T45087030900|4933|SC|Union|Allied Wireless Communications Corporation|5969|5969|0.32|1910.08
T46031941000-3970|14205|SD|Corson|Standing Rock Telecommunications Inc.|2739|2054|620.32|1699056.48
T46031941100-3970|14206|SD|Corson|Standing Rock Telecommunications Inc.|3473|2605|163.89|569189.97
T47027955100|4955|TN|Clay|United States Cellular Corporation|22818|22818|96.74|2207413.32
T48001950100|5198|TX|Anderson|Texas 10 LLC|7610|7610|13.14|99995.40
T48001950902|5199|TX|Anderson|Texas 10 LLC|1252|1252|79.87|99997.24
T48001951000|5200|TX|Anderson|Texas 10 LLC|1603|1603|77.96|124969.88
T48001951100|5201|TX|Anderson|Texas 10 LLC|6821|6821|14.66|99995.86
T48005000102|5203|TX|Angelina|Texas 10 LLC|38610|38610|2.59|99999.90
T48005001002|5204|TX|Angelina|Texas 10 LLC|11626|11626|19.08|221824.08
T48005001200|5205|TX|Angelina|Texas 10 LLC|2000|2000|26.4|52800.00
T48005001300|5206|TX|Angelina|Texas 10 LLC|2000|2000|126.66|253320.00
T48013960500|5210|TX|Atascosa|TexNet 4G LLC|1466|1466|128.23|187985.18
T48013960600|5211|TX|Atascosa|TexNet 4G LLC|1466|1466|43.41|63639.06
T48073950300|5245|TX|Cherokee|Texas 10 LLC|2200|2200|25.04|55088.00
T48073950801|5246|TX|Cherokee|Texas 10 LLC|1800|1800|116.64|209952.00
T48073950802|5247|TX|Cherokee|Texas 10 LLC|2000|2000|73.41|146820.00
T48073951000|5248|TX|Cherokee|Texas 10 LLC|2000|2000|79.44|158880.00
T48073951100|5249|TX|Cherokee|Texas 10 LLC|2000|2000|24.72|49440.00
T48127950200|5274|TX|Dimmit|TexNet 4G LLC|1466|1466|344.82|505506.12
T48127950400|5275|TX|Dimmit|TexNet 4G LLC|1466|1466|431.11|632007.26
T48137950300|5281|TX|Edwards|T-Mobile West LLC|2724|2724|3162.34|8614214.16
T48163950100|5288|TX|Frio|TexNet 4G LLC|1466|1466|122.66|179819.56
T48283950300|5350|TX|La Salle|TexNet 4G LLC|1466|1466|698.33|1023751.78
T48289950100|5366|TX|Leon|Texas 10 LLC|4032|4032|31|124992.00
T48289950200|5367|TX|Leon|Texas 10 LLC|2000|2000|65.57|131140.00
T48289950300|5368|TX|Leon|Texas 10 LLC|942|942|148.39|139783.38
T48293970700|5376|TX|Limestone|Texas 10 LLC|19802|19802|5.05|100000.10
T48293970800|5377|TX|Limestone|Texas 10 LLC|5814|5814|17.2|100000.80
T48299970100|5385|TX|Llano|T-Mobile West LLC|24096|24096|21.46|517100.16
T48311950100|5332|TX|McMullen|TexNet 4G LLC|1466|1466|881.2|1291839.20
T48323950201|5354|TX|Maverick|T-Mobile West LLC|843|843|620.21|522837.03
T48323950700|5355|TX|Maverick|T-Mobile West LLC|1505|1505|881.89|1327244.45
T48347950100|5417|TX|Nacogdoches|Texas 10 LLC|2000|2000|53.26|106520.00
T48347950200|5418|TX|Nacogdoches|Texas 10 LLC|6064|6064|16.49|99995.36
T48347950301|5420|TX|Nacogdoches|Texas 10 LLC|31546|31546|3.17|100000.82
T48347950400|5424|TX|Nacogdoches|Texas 10 LLC|2000|2000|27.61|55220.00
T48347951100|5425|TX|Nacogdoches|Texas 10 LLC|2000|2000|105.9|211800.00
T48351950200|5428|TX|Newton|T-Mobile West LLC|3120|3120|264.88|826425.60
T48365950100|5401|TX|Panola|Texas 10 LLC|12755|12755|7.84|99999.20
T48365950600|5411|TX|Panola|Texas 10 LLC|17857|17857|5.6|99999.20
T48395960300|5433|TX|Robertson|Texas 10 LLC|8718|8718|11.47|99995.46
T48395960400|5434|TX|Robertson|Texas 10 LLC|2000|2000|39.66|79320.00
T48401950600|5466|TX|Rusk|Texas 10 LLC|31056|31056|3.22|100000.32
T48401951100|5467|TX|Rusk|Texas 10 LLC|38023|38023|2.63|100000.49
T48401951200|5468|TX|Rusk|Texas 10 LLC|2000|2000|53.47|106940.00
T48403950100|5469|TX|Sabine|Texas 10 LLC|927|927|302.74|280639.98
T48403950200|5470|TX|Sabine|Texas 10 LLC|900|900|271.7|244530.00
T48403950300|5471|TX|Sabine|Texas 10 LLC|805|805|455.99|367071.95
T48405950100|5472|TX|San Augustine|Texas 10 LLC|887|887|511.4|453611.80
T48405950200|5473|TX|San Augustine|Texas 10 LLC|900|900|57.74|51966.00
T48405950300|5474|TX|San Augustine|Texas 10 LLC|847|847|468.86|397124.42
T48419950100|5443|TX|Shelby|Texas 10 LLC|900|900|250|225000.00
T48419950200|5444|TX|Shelby|Texas 10 LLC|900|900|221.8|199620.00
T48419950300|5445|TX|Shelby|Texas 10 LLC|900|900|225.71|203139.00
T48419950400|5446|TX|Shelby|Texas 10 LLC|900|900|94.81|85329.00
T48419950500|5447|TX|Shelby|Texas 10 LLC|900|900|293.1|263790.00
T48419950600|5448|TX|Shelby|Texas 10 LLC|778|778|386.66|300821.48
T48479001710|5517|TX|Webb|TexNet 4G LLC|1466|1466|870.82|1276622.12
T48507950100|5551|TX|Zavala|T-Mobile West LLC|849|849|615.69|522720.81
T48507950301|5553|TX|Zavala|T-Mobile West LLC|1793|1793|459.43|823757.99
T50001960600|5615|VT|Addison|VTel Wireless Inc.|2094|2094|16.29|34111.26
T50003970200|5616|VT|Bennington|VTel Wireless Inc.|2094|2094|54.25|113599.50
T50003970300|5617|VT|Bennington|VTel Wireless Inc.|3068|3068|16.37|50223.16
T50005957000|5581|VT|Caledonia|VTel Wireless Inc.|2094|2094|5.53|11579.82
T50005957700|5582|VT|Caledonia|VTel Wireless Inc.|2094|2094|6.61|13841.34
T50005957800|5583|VT|Caledonia|VTel Wireless Inc.|2094|2094|146.07|305870.58
T50009950200|5599|VT|Essex|VTel Wireless Inc.|2094|2094|23.79|49816.26
T50009950500|5600|VT|Essex|VTel Wireless Inc.|2094|2094|0.36|753.84
T50011010100|5601|VT|Franklin|VTel Wireless Inc.|3068|3068|0.98|3006.64
T50011010200|5602|VT|Franklin|VTel Wireless Inc.|3068|3068|0.47|1441.96
T50011010300|5603|VT|Franklin|VTel Wireless Inc.|2094|2094|58.03|121514.82
T50011010400|5604|VT|Franklin|VTel Wireless Inc.|2094|2094|30.34|63531.96
T50011011000|5609|VT|Franklin|VTel Wireless Inc.|2094|2094|4.11|8606.34
T50015953100|5611|VT|Lamoille|VTel Wireless Inc.|2094|2094|1.84|3852.96
T50015953400|5623|VT|Lamoille|VTel Wireless Inc.|2094|2094|5.45|11412.30
T50017959000|5624|VT|Orange|VTel Wireless Inc.|2094|2094|23.31|48811.14
T50017959101|5625|VT|Orange|VTel Wireless Inc.|2094|2094|37.17|77833.98
T50017959102|5626|VT|Orange|VTel Wireless Inc.|2094|2094|218.09|456680.46
T50017959300|5627|VT|Orange|VTel Wireless Inc.|2094|2094|3.26|6826.44
T50017959600|5631|VT|Orange|VTel Wireless Inc.|3068|3068|6.17|18929.56
T50017959700|5632|VT|Orange|VTel Wireless Inc.|3068|3068|27.74|85106.32
T50017959800|5633|VT|Orange|VTel Wireless Inc.|2094|2094|12.6|26384.40
T50019951100|5634|VT|Orleans|VTel Wireless Inc.|2094|2094|22.6|47324.40
T50019951700|5635|VT|Orleans|VTel Wireless Inc.|2094|2094|32.43|67908.42
T50019951900|5636|VT|Orleans|VTel Wireless Inc.|2094|2094|8.72|18259.68
T50019952000|5637|VT|Orleans|VTel Wireless Inc.|2094|2094|14.77|30928.38
T50021962100|5638|VT|Rutland|VTel Wireless Inc.|2094|2094|6.95|14553.30
T50021962300|5639|VT|Rutland|VTel Wireless Inc.|2094|2094|0.55|1151.70
T50021962800|5646|VT|Rutland|VTel Wireless Inc.|2094|2094|3.2|6700.80
T50021963600|5642|VT|Rutland|VTel Wireless Inc.|2094|2094|1.74|3643.56
T50021964300|5653|VT|Rutland|VTel Wireless Inc.|2094|2094|8.76|18343.44
T50023954000|5654|VT|Washington|VTel Wireless Inc.|2094|2094|26.75|56014.50
T50023954100|5655|VT|Washington|VTel Wireless Inc.|2094|2094|26.31|55093.14
T50023954200|5656|VT|Washington|VTel Wireless Inc.|2094|2094|19.57|40979.58
T50023954300|5657|VT|Washington|VTel Wireless Inc.|2094|2094|7.02|14699.88
T50023954500|5664|VT|Washington|VTel Wireless Inc.|2094|2094|1.04|2177.76
T50025967100|5671|VT|Windham|VTel Wireless Inc.|2094|2094|5.62|11768.28
T50025967200|5676|VT|Windham|VTel Wireless Inc.|2094|2094|2.7|5653.80
T50025967400|5678|VT|Windham|VTel Wireless Inc.|2094|2094|4.4|9213.60
T50025967500|5679|VT|Windham|VTel Wireless Inc.|2094|2094|5.87|12291.78
T50025967600|5682|VT|Windham|VTel Wireless Inc.|2094|2094|2.36|4941.84
T50025968100|5648|VT|Windham|VTel Wireless Inc.|3068|3068|17.73|54395.64
T50025968200|5684|VT|Windham|VTel Wireless Inc.|3068|3068|4.75|14573.00
T50027965200|5660|VT|Windsor|VTel Wireless Inc.|3068|3068|13.09|40160.12
T50027965400|5661|VT|Windsor|VTel Wireless Inc.|2094|2094|2.99|6261.06
T50027965800|5692|VT|Windsor|VTel Wireless Inc.|2094|2094|2.42|5067.48
T51045050100|5750|VA|Craig|United States Cellular Corporation|13038|13038|423|5515074.00
T51065020200|5770|VA|Fluvanna|T-Mobile Northeast LLC|10954|10954|176.63|1934805.02
T51071930400|5782|VA|Giles|United States Cellular Corporation|32793|32793|108.54|3559352.22
T51197050302|5920|VA|Wythe|United States Cellular Corporation|31050|31050|45.26|1405323.00
T53015001700|5968|WA|Cowlitz|United States Cellular Corporation|13050|13050|121.85|1590142.50
T53025010100|5980|WA|Grant|T-Mobile West LLC|1728|1728|556.12|960975.36
T53041970100|5996|WA|Lewis|United States Cellular Corporation|9938|9938|114.25|1135416.50
T53043960300|5901|WA|Lincoln|T-Mobile West LLC|1244|1244|1229.76|1529821.44
T53043960400|5902|WA|Lincoln|T-Mobile West LLC|2253|2253|810.46|1825966.38
T53059950200|5959|WA|Skamania|United States Cellular Corporation|22908|22908|82.32|1885786.56
T53059950500|6014|WA|Skamania|United States Cellular Corporation|24753|24753|48.94|1211411.82
T54015958100|6081|WV|Clay|Hardy Cellular Telephone Company|28935|28935|193.92|5611075.20
T54079020100|6180|WV|Putnam|West Virginia PCS Alliance L.C.|33232|33232|150.46|5000086.72
T55023960200|5497|WI|Crawford|United States Cellular Corporation|25841|25841|67.01|1731605.41
T55123960700|6394|WI|Vernon|United States Cellular Corporation|12107|12107|108.22|1310219.54
T56007968000|117|WY|Carbon|Union Telephone Company|2800|2800|2559.68|7167104.00
T56007968100|118|WY|Carbon|Union Telephone Company|2000|2000|1146.81|2293620.00
T56013000300|4467|WY|Fremont|Union Telephone Company|1000|1000|4227.36|4227360.00
T56013000400|4469|WY|Fremont|Union Telephone Company|3100|3100|877.7|2720870.00
T56013940100-4610|93|WY|Fremont|Union Telephone Company|2100|2100|1180.58|2479218.00
T56037971600|4497|WY|Sweetwater|Union Telephone Company|1100|1100|3585.28|3943808.00
T69100950100|6438|MP|Rota|PTI Pacifica Inc.|2625|2625|152.36|399945.00
T69110000100|6439|MP|Saipan|PTI Pacifica Inc.|21429|21429|7|150003.00
T69110001400|6442|MP|Saipan|PTI Pacifica Inc.|11186|11186|4.47|50001.42
T69110001500|6443|MP|Saipan|PTI Pacifica Inc.|9042|9042|11.06|100004.52
T69110001700|6444|MP|Saipan|PTI Pacifica Inc.|7474|7474|13.38|100002.12
T69120950101|6445|MP|Tinian|PTI Pacifica Inc.|2612|2612|24.89|65012.68
T69120950200|6446|MP|Tinian|PTI Pacifica Inc.|3373|3373|118.58|399970.34
